{
  "dataset_size": 2740,
  "top_categories": 10,
  "train_size": 2192,
  "test_size": 548,
  "labels": [
    "astro-ph",
    "cond-mat.mes-hall",
    "cond-mat.mtrl-sci",
    "cond-mat.stat-mech",
    "cond-mat.str-el",
    "gr-qc",
    "hep-ph",
    "hep-th",
    "math.AG",
    "quant-ph"
  ],
  "logistic_regression": {
    "accuracy": 0.7937956204379562,
    "precision_macro": 0.8122996122917889,
    "recall_macro": 0.6784949358233497,
    "f1_macro": 0.7214492304091741,
    "classification_report": "                    precision    recall  f1-score   support\n\n          astro-ph       0.78      0.98      0.87       195\n cond-mat.mes-hall       0.79      0.50      0.61        30\n cond-mat.mtrl-sci       0.71      0.36      0.48        33\ncond-mat.stat-mech       1.00      0.52      0.68        27\n   cond-mat.str-el       0.74      0.57      0.64        30\n             gr-qc       0.68      0.39      0.50        33\n            hep-ph       0.90      0.86      0.88        65\n            hep-th       0.71      0.87      0.78        61\n           math.AG       1.00      0.87      0.93        23\n          quant-ph       0.81      0.86      0.84        51\n\n          accuracy                           0.79       548\n         macro avg       0.81      0.68      0.72       548\n      weighted avg       0.80      0.79      0.78       548\n"
  },
  "mlp_classifier": {
    "accuracy": 0.8302919708029197,
    "precision_macro": 0.8075415287115911,
    "recall_macro": 0.7480419651003695,
    "f1_macro": 0.7690400168727816,
    "classification_report": "                    precision    recall  f1-score   support\n\n          astro-ph       0.92      0.96      0.94       195\n cond-mat.mes-hall       0.78      0.60      0.68        30\n cond-mat.mtrl-sci       0.72      0.70      0.71        33\ncond-mat.stat-mech       1.00      0.59      0.74        27\n   cond-mat.str-el       0.75      0.60      0.67        30\n             gr-qc       0.58      0.55      0.56        33\n            hep-ph       0.90      0.88      0.89        65\n            hep-th       0.69      0.85      0.76        61\n           math.AG       0.95      0.87      0.91        23\n          quant-ph       0.78      0.88      0.83        51\n\n          accuracy                           0.83       548\n         macro avg       0.81      0.75      0.77       548\n      weighted avg       0.83      0.83      0.83       548\n"
  }
}