model,accuracy,precision_macro,recall_macro,f1_macro
Logistic Regression,0.7846715328467153,0.8201883023819567,0.6623357323353131,0.7097456398324173
MLP Classifier,0.8448905109489051,0.7999133915278807,0.7842836894524454,0.7899747855628395
